Player,Team,Conference,Month,Year
Elton Brand,Chicago Bulls,,April,2000
Steve Francis,Houston Rockets,,April,2000
Steve Francis,Houston Rockets,,March,2000
Elton Brand,Chicago Bulls,,February,2000
Elton Brand,Chicago Bulls,,January,2000
Steve Francis,Houston Rockets,,December,2000
Adrian Griffin,Boston Celtics,,November,2000
Lamar Odom,Los Angeles Clippers,,November,2000
Courtney Alexander,Washington Wizards,,April,2001
Kenyon Martin,New Jersey Nets,,March,2001
Mike Miller,Orlando Magic,,March,2001
Mike Miller,Orlando Magic,,February,2001
Marc Jackson,Golden State Warriors,,January,2001
Marc Jackson,Golden State Warriors,,December,2001
Kenyon Martin,New Jersey Nets,,November,2001
Zeljko Rebraca,Detroit Pistons,East,April,2002
Gilbert Arenas,Golden State Warriors,West,April,2002
Jamaal Tinsley,Indiana Pacers,East,March,2002
Pau Gasol,Memphis Grizzlies,West,March,2002
Trenton Hassell,Chicago Bulls,East,February,2002
Jason Richardson,Golden State Warriors,West,February,2002
Richard Jefferson,New Jersey Nets,East,January,2002
Pau Gasol,Memphis Grizzlies,West,January,2002
Brendan Haywood,Washington Wizards,East,December,2002
Shane Battier,Memphis Grizzlies,West,December,2002
Jamaal Tinsley,Indiana Pacers,East,November,2002
Pau Gasol,Memphis Grizzlies,West,November,2002
Carlos Boozer,Cleveland Cavaliers,East,April,2003
Amar'e Stoudemire,Phoenix Suns,West,April,2003
Caron Butler,Miami Heat,East,March,2003
Manu Ginobili,San Antonio Spurs,West,March,2003
Caron Butler,Miami Heat,East,February,2003
Yao Ming,Houston Rockets,West,February,2003
Caron Butler,Miami Heat,East,January,2003
Amar'e Stoudemire,Phoenix Suns,West,January,2003
Jay Williams,Chicago Bulls,East,December,2003
Yao Ming,Houston Rockets,West,December,2003
Caron Butler,Miami Heat,East,November,2003
Drew Gooden,Memphis Grizzlies,West,November,2003
LeBron James,Cleveland Cavaliers,East,April,2004
Carmelo Anthony,Denver Nuggets,West,April,2004
LeBron James,Cleveland Cavaliers,East,March,2004
Carmelo Anthony,Denver Nuggets,West,March,2004
LeBron James,Cleveland Cavaliers,East,February,2004
Carmelo Anthony,Denver Nuggets,West,February,2004
LeBron James,Cleveland Cavaliers,East,January,2004
Carmelo Anthony,Denver Nuggets,West,January,2004
LeBron James,Cleveland Cavaliers,East,December,2004
Carmelo Anthony,Denver Nuggets,West,December,2004
LeBron James,Cleveland Cavaliers,East,November,2004
Carmelo Anthony,Denver Nuggets,West,November,2004
Emeka Okafor,Charlotte Bobcats,East,April,2005
Shaun Livingston,Los Angeles Clippers,West,April,2005
Ben Gordon,Chicago Bulls,East,March,2005
J.R. Smith,New Orleans Hornets,West,March,2005
Ben Gordon,Chicago Bulls,East,February,2005
J.R. Smith,New Orleans Hornets,West,February,2005
Ben Gordon,Chicago Bulls,East,January,2005
J.R. Smith,New Orleans Hornets,West,January,2005
Emeka Okafor,Charlotte Bobcats,East,December,2005
Beno Udrih,San Antonio Spurs,West,December,2005
Emeka Okafor,Charlotte Bobcats,East,November,2005
Devin Harris,Dallas Mavericks,West,November,2005
Raymond Felton,Charlotte Bobcats,East,April,2006
Chris Paul,New Orleans Hornets,West,April,2006
Raymond Felton,Charlotte Bobcats,East,March,2006
Chris Paul,New Orleans Hornets,West,March,2006
Raymond Felton,Charlotte Bobcats,East,February,2006
Chris Paul,New Orleans Hornets,West,February,2006
Andrew Bogut,Milwaukee Bucks,West,January,2006
Chris Paul,New Orleans Hornets,West,January,2006
Charlie Villanueva,Toronto Raptors,East,December,2006
Chris Paul,New Orleans Hornets,West,December,2006
Channing Frye,New York Knicks,East,November,2006
Chris Paul,New Orleans Hornets,West,November,2006
Shelden Williams,Atlanta Hawks,East,April,2007
Tarence Kinsey,Memphis Grizzlies,West,April,2007
Walter Herrmann,Charlotte Bobcats,East,March,2007
Brandon Roy,Portland Trail Blazers,West,March,2007
Andrea Bargnani,Toronto Raptors,East,February,2007
Brandon Roy,Portland Trail Blazers,West,February,2007
Andrea Bargnani,Toronto Raptors,East,January,2007
Brandon Roy,Portland Trail Blazers,West,January,2007
Jorge Garbajosa,Toronto Raptors,East,December,2007
Randy Foye,Minnesota Timberwolves,West,December,2007
Adam Morrison,Charlotte Bobcats,East,November,2007
Rudy Gay,Memphis Grizzlies,West,November,2007
Ramon Sessions,Milwaukee Bucks,East,April,2008
Kevin Durant,Seattle SuperSonics,West,April,2008
Al Horford,Atlanta Hawks,East,March,2008
Kevin Durant,Seattle SuperSonics,West,March,2008
Al Horford,Atlanta Hawks,East,February,2008
Luis Scola,Houston Rockets,West,February,2008
Jamario Moon,Toronto Raptors,East,January,2008
Kevin Durant,Seattle SuperSonics,West,January,2008
Jianlian Yi,Milwaukee Bucks,East,December,2008
Kevin Durant,Seattle SuperSonics,West,December,2008
Al Horford,Atlanta Hawks,East,November,2008
Kevin Durant,Seattle SuperSonics,West,November,2008
Michael Beasley,Miami Heat,East,April,2009
O.J. Mayo,Memphis Grizzlies,West,April,2009
Derrick Rose,Chicago Bulls,East,March,2009
Kevin Love,Minnesota Timberwolves,West,March,2009
Brook Lopez,New Jersey Nets,East,February,2009
Russell Westbrook,Oklahoma City Thunder,West,February,2009
Brook Lopez,New Jersey Nets,East,January,2009
Eric Gordon,Los Angeles Clippers,West,January,2009
Derrick Rose,Chicago Bulls,East,December,2009
Russell Westbrook,Oklahoma City Thunder,West,December,2009
Derrick Rose,Chicago Bulls,East,November,2009
O.J. Mayo,Memphis Grizzlies,West,November,2009
Terrence Williams,New Jersey Nets,East,April,2010
Stephen Curry,Golden State Warriors,West,April,2010
Brandon Jennings,Milwaukee Bucks,East,March,2010
Stephen Curry,Golden State Warriors,West,March,2010
Jonas Jerebko,Detroit Pistons,East,February,2010
Darren Collison,New Orleans Hornets,West,February,2010
Brandon Jennings,Milwaukee Bucks,East,January,2010
Stephen Curry,Golden State Warriors,West,January,2010
Brandon Jennings,Milwaukee Bucks,East,December,2010
Tyreke Evans,Sacramento Kings,West,December,2010
Brandon Jennings,Milwaukee Bucks,East,November,2010
Tyreke Evans,Sacramento Kings,West,November,2010
John Wall,Washington Wizards,East,April,2011
Blake Griffin,Los Angeles Clippers,West,April,2011
John Wall,Washington Wizards,East,March,2011
Blake Griffin,Los Angeles Clippers,West,March,2011
John Wall,Washington Wizards,East,February,2011
Blake Griffin,Los Angeles Clippers,West,February,2011
John Wall,Washington Wizards,East,January,2011
Blake Griffin,Los Angeles Clippers,West,January,2011
Landry Fields,New York Knicks,East,December,2011
Blake Griffin,Los Angeles Clippers,West,December,2011
Landry Fields,New York Knicks,East,November,2011
Blake Griffin,Los Angeles Clippers,West,November,2011
Ivan Johnson,Atlanta Hawks,East,April,2012
Kenneth Faried,Denver Nuggets,West,April,2012
Kyrie Irving,Cleveland Cavaliers,East,March,2012
Isaiah Thomas,Sacramento Kings,West,March,2012
Kyrie Irving,Cleveland Cavaliers,East,February,2012
Isaiah Thomas,Sacramento Kings,West,February,2012
Kyrie Irving,Cleveland Cavaliers,East,January,2012
Ricky Rubio,Minnesota Timberwolves,West,January,2012
Chris Copeland,New York Knicks,East,April,2013
Damian Lillard,Portland Trail Blazers,West,April,2013
Jonas Valanciunas,Toronto Raptors,East,March,2013
Damian Lillard,Portland Trail Blazers,West,March,2013
Dion Waiters,Cleveland Cavaliers,East,February,2013
Damian Lillard,Portland Trail Blazers,West,February,2013
Bradley Beal,Washington Wizards,East,January,2013
Damian Lillard,Portland Trail Blazers,West,January,2013
Bradley Beal,Washington Wizards,East,December,2013
Damian Lillard,Portland Trail Blazers,West,December,2013
Michael Kidd-Gilchrist,Charlotte Bobcats,East,November,2013
Damian Lillard,Portland Trail Blazers,West,November,2013
Michael Carter-Williams,Philadelphia Sixers,East,March,2014
Gorgui Dieng,Minnesota Timberwolves,West,March,2014
Victor Oladipo,Orlando Magic,East,February,2014
Nick Calathes,Memphis Grizzlies,West,February,2014
Michael Carter-Williams,Philadelphia Sixers,East,January,2014
Trey Burke,Utah Jazz,West,January,2014
Victor Oladipo,Orlando Magic,East,December,2014
Trey Burke,Utah Jazz,West,December,2014
Michael Carter-Williams,Philadelphia Sixers,East,November,2014
Ben McLemore,Sacramento Kings,West,November,2014
Bojan Bogdanovic,Brooklyn Nets,East,April,2015
Rodney Hood,Utah Jazz,West,April,2015
Nikola Mirotic,Chicago Bulls,East,March,2015
Jordan Clarkson,Los Angeles Lakers,West,March,2015
Marcus Smart,Boston Celtics,East,February,2015
Andrew Wiggins,Minnesota Timberwolves,West,February,2015
Elfrid Payton,Orlando Magic,East,January,2015
Andrew Wiggins,Minnesota Timberwolves,West,January,2015
Nikola Mirotic,Chicago Bulls,East,December,2015
Andrew Wiggins,Minnesota Timberwolves,West,December,2015
Jabari Parker,Milwaukee Bucks,East,November,2015
Andrew Wiggins,Minnesota Timberwolves,West,November,2015
Norman Powell,Toronto Raptors,East,April,2016
Karl-Anthony Towns,Minnesota Timberwolves,West,April,2016
Josh Richardson,Miami Heat,East,March,2016
Karl-Anthony Towns,Minnesota Timberwolves,West,March,2016
Myles Turner,Indiana Pacers,East,February,2016
Karl-Anthony Towns,Minnesota Timberwolves,West,February,2016
Kristaps Porzingis,New York Knicks,East,January,2016
Karl-Anthony Towns,Minnesota Timberwolves,West,January,2016
Kristaps Porzingis,New York Knicks,East,December,2016
Karl-Anthony Towns,Minnesota Timberwolves,West,December,2016
Kristaps Porzingis,New York Knicks,East,November,2016
Karl-Anthony Towns,Minnesota Timberwolves,West,November,2016
Willy Hernangomez,New York Knicks,East,April,2017
Tyler Ulis,Phoenix Suns,West,April,2017
Dario Saric,Philadelphia Sixers,East,March,2017
Buddy Hield,Sacramento Kings,West,March,2017
Dario Saric,Philadelphia Sixers,East,February,2017
Yogi Ferrell,Dallas Mavericks,West,February,2017
Joel Embiid,Philadelphia Sixers,East,January,2017
Marquese Chriss,Phoenix Suns,West,January,2017
Joel Embiid,Philadelphia Sixers,East,December,2017
Buddy Hield,New Orleans Pelicans,West,December,2017
Joel Embiid,Philadelphia Sixers,East,November,2017
Jamal Murray,Denver Nuggets,West,November,2017
Ben Simmons,Philadelphia Sixers,East,March,2018
Donovan Mitchell,Utah Jazz,West,March,2018
Ben Simmons,Philadelphia Sixers,East,February,2018
Donovan Mitchell,Utah Jazz,West,February,2018
Ben Simmons,Philadelphia Sixers,East,January,2018
Donovan Mitchell,Utah Jazz,West,January,2018
Jayson Tatum,Boston Celtics,East,December,2018
Donovan Mitchell,Utah Jazz,West,December,2018
Ben Simmons,Philadelphia Sixers,East,November,2018
Kyle Kuzma,Los Angeles Lakers,West,November,2018
Trae Young,Atlanta Hawks,East,March,2019
Luka Doncic,Dallas Mavericks,West,March,2019
Trae Young,Atlanta Hawks,East,February,2019
Luka Doncic,Dallas Mavericks,West,February,2019
Trae Young,Atlanta Hawks,East,January,2019
Luka Doncic,Dallas Mavericks,West,January,2019
Kevin Knox,New York Knicks,East,December,2019
Luka Doncic,Dallas Mavericks,West,December,2019
Trae Young,Atlanta Hawks,East,November,2019
Luka Doncic,Dallas Mavericks,West,November,2019
Coby White,Chicago Bulls,East,February,2020
Zion Williamson,New Orleans Pelicans,West,February,2020
Kendrick Nunn,Miami Heat,East,January,2020
Ja Morant,Memphis Grizzlies,West,January,2020
Kendrick Nunn,Miami Heat,East,December,2020
Ja Morant,Memphis Grizzlies,West,December,2020
Kendrick Nunn,Miami Heat,East,November,2020
Ja Morant,Memphis Grizzlies,West,November,2020
R.J. Hampton,Orlando Magic,East,May,2021
Anthony Edwards,Minnesota Timberwolves,West,May,2021
Malachi Flynn,Toronto Raptors,East,April,2021
Anthony Edwards,Minnesota Timberwolves,West,April,2021
LaMelo Ball,Charlotte Hornets,East,March,2021
Anthony Edwards,Minnesota Timberwolves,West,March,2021
LaMelo Ball,Charlotte Hornets,East,February,2021
Tyrese Haliburton,Sacramento Kings,West,February,2021
LaMelo Ball,Charlotte Hornets,East,January,2021
Tyrese Haliburton,Sacramento Kings,West,January,2021
Scottie Barnes,Toronto Raptors,East,March,2022
Jalen Green,Houston Rockets,West,March,2022
Scottie Barnes,Toronto Raptors,East,February,2022
Josh Giddey,Oklahoma City Thunder,West,February,2022
Cade Cunningham,Detroit Pistons,East,January,2022
Josh Giddey,Oklahoma City Thunder,West,January,2022
Franz Wagner,Orlando Magic,East,December,2022
Josh Giddey,Oklahoma City Thunder,West,December,2022
Evan Mobley,Cleveland Cavaliers,East,November,2022
Josh Giddey,Oklahoma City Thunder,West,November,2022
